plant,seed,max_ticks,ungated_B,ungated_C,clock_first,both_fired,c_after_plant,gated_B,gated_C,final_pop,final_S
0,0,20000,5100,1300,0,1,1,5100,5150,37,0.9082
0,1,20000,5250,550,0,1,1,5250,5300,34,0.9652
0,2,20000,9600,600,0,1,1,9600,9650,35,0.9519
0,3,20000,3900,2400,0,1,1,3900,4200,38,0.8276
0,4,20000,4800,1350,0,1,1,4800,4850,38,0.7206
0,5,20000,3750,4400,1,1,1,3750,4400,36,0.8899
0,6,20000,8800,1300,0,1,1,8800,8850,37,0.8734
0,7,20000,4850,1300,0,1,1,4850,4900,47,0.5204
0,8,20000,3750,2250,0,1,1,3750,3900,34,0.9788
0,9,20000,4300,1400,0,1,1,4300,4350,39,0.679
0,10,20000,3650,2200,0,1,1,3650,3700,37,0.8991
0,11,20000,3650,2400,0,1,1,3650,3700,40,0.7268
0,12,20000,8050,600,0,1,1,8050,8100,35,0.9387
0,13,20000,4750,1300,0,1,1,4750,4800,42,0.6841
0,14,20000,4200,1400,0,1,1,4200,4250,42,0.611
0,15,20000,3900,-1,,0,,3900,-1,25,0.0
0,16,20000,3850,2250,0,1,1,3850,3900,43,0.6479
0,17,20000,3600,2250,0,1,1,3600,3650,34,0.9362
0,18,20000,4050,1650,0,1,1,4050,4100,47,0.5208
0,19,20000,4800,1300,0,1,1,4800,4850,38,0.8219
0,20,20000,3850,2350,0,1,1,3850,3900,35,0.8989
0,21,20000,3800,2400,0,1,1,3800,4200,41,0.7121
0,22,20000,4100,1400,0,1,1,4100,4150,37,0.7779
0,23,20000,5250,1300,0,1,1,5250,5300,36,0.8725
0,24,20000,4600,1400,0,1,1,4600,4650,43,0.5734
0,25,20000,4800,1350,0,1,1,4800,4850,41,0.7289
0,26,20000,3650,2300,0,1,1,3650,4050,43,0.609
0,27,20000,3750,2250,0,1,1,3750,3800,34,0.9597
0,28,20000,5650,400,0,1,1,5650,5700,35,0.9249
0,29,20000,4700,1400,0,1,1,4700,4750,42,0.6424
0,30,20000,4300,1400,0,1,1,4300,4350,38,0.6775
0,31,20000,4650,1400,0,1,1,4650,4700,43,0.6066
0,32,20000,4800,1400,0,1,1,4800,4850,43,0.5576
0,33,20000,3600,2350,0,1,1,3600,3650,41,0.6681
0,34,20000,5300,600,0,1,1,5300,5350,35,0.8328
0,35,20000,4800,1300,0,1,1,4800,4850,37,0.8823
0,36,20000,4750,1300,0,1,1,4750,4800,40,0.7555
0,37,20000,4800,1300,0,1,1,4800,4850,38,0.8446
0,38,20000,3850,2250,0,1,1,3850,3900,36,0.8757
0,39,20000,3450,-1,,0,,3450,-1,24,0.0
1000,0,20000,4700,1450,0,1,1,4700,4750,42,0.6674
1000,1,20000,5250,1350,0,1,1,5250,5300,35,0.9491
1000,2,20000,5100,1400,0,1,1,5100,5150,35,0.9659
1000,3,20000,3850,2350,0,1,1,3850,4200,43,0.6039
1000,4,20000,4700,1450,0,1,1,4700,4750,40,0.6383
1000,5,20000,3650,4400,1,1,1,3650,4400,36,0.8806
1000,6,20000,4900,1400,0,1,1,4900,4950,40,0.7654
1000,7,20000,5000,1400,0,1,1,5000,5050,36,0.892
1000,8,20000,3800,2250,0,1,1,3800,3850,36,0.8999
1000,9,20000,4200,1600,0,1,1,4200,4250,41,0.6241
1000,10,20000,3850,2250,0,1,1,3850,3900,36,0.9085
1000,11,20000,3650,2400,0,1,1,3650,3700,43,0.6595
1000,12,20000,5250,1350,0,1,1,5250,5300,36,0.9212
1000,13,20000,4800,1400,0,1,1,4800,4850,35,0.9892
1000,14,20000,4250,1600,0,1,1,4250,4300,36,0.8108
1000,15,20000,3900,-1,,0,,3900,-1,25,0.0
1000,16,20000,3800,2200,0,1,1,3800,3900,35,0.9504
1000,17,20000,3850,2200,0,1,1,3850,3900,34,0.9333
1000,18,20000,3600,2250,0,1,1,3600,3650,34,0.9499
1000,19,20000,4900,1400,0,1,1,4900,4950,39,0.8138
1000,20,20000,3550,2250,0,1,1,3550,3600,34,0.9217
1000,21,20000,3600,2400,0,1,1,3600,4100,38,0.7203
1000,22,20000,4050,1600,0,1,1,4050,4100,40,0.6394
1000,23,20000,5200,1450,0,1,1,5200,5250,37,0.8652
1000,24,20000,4600,1600,0,1,1,4600,4650,37,0.6662
1000,25,20000,4950,1450,0,1,1,4950,5000,38,0.8175
1000,26,20000,3700,2300,0,1,1,3700,4050,41,0.5564
1000,27,20000,3800,2250,0,1,1,3800,3850,38,0.8283
1000,28,20000,5400,1350,0,1,1,5400,5450,38,0.8254
1000,29,20000,4750,1500,0,1,1,4750,4800,44,0.6136
1000,30,20000,4250,1600,0,1,1,4250,4300,39,0.7324
1000,31,20000,4550,1600,0,1,1,4550,4600,39,0.6632
1000,32,20000,4450,1550,0,1,1,4450,4500,43,0.6108
1000,33,20000,3750,2350,0,1,1,3750,4100,44,0.6355
1000,34,20000,5300,1400,0,1,1,5300,5350,32,0.9704
1000,35,20000,4850,1400,0,1,1,4850,4900,37,0.8469
1000,36,20000,4800,1450,0,1,1,4800,4850,37,0.9178
1000,37,20000,4800,1450,0,1,1,4800,4850,39,0.782
1000,38,20000,3600,2250,0,1,1,3600,3650,37,0.8271
1000,39,20000,3450,-1,,0,,3450,-1,24,0.0
3000,0,20000,3500,4200,1,1,1,3500,4200,34,0.9682
3000,1,20000,3700,3350,0,1,1,3700,3750,37,0.8618
3000,2,20000,4050,3700,0,1,1,4050,4400,34,0.9234
3000,3,20000,3650,4600,1,1,1,3650,4600,38,0.8136
3000,4,20000,4000,3750,0,1,1,4000,4050,39,0.7255
3000,5,20000,3500,5100,1,1,1,3500,5100,35,0.9555
3000,6,20000,3900,4550,1,1,1,3900,4550,36,0.8462
3000,7,20000,3950,4600,1,1,1,3950,4600,37,0.8412
3000,8,20000,4000,4450,1,1,1,4000,4450,36,0.8271
3000,9,20000,3600,5100,1,1,1,3600,5100,43,0.6979
3000,10,20000,3850,4300,1,1,1,3850,4300,37,0.8128
3000,11,20000,3500,-1,,0,,3500,-1,17,0.0
3000,12,20000,3550,3400,0,1,1,3550,4000,40,0.7013
3000,13,20000,3900,3500,0,1,1,3900,3950,42,0.6713
3000,14,20000,3800,4350,1,1,1,3800,4350,37,0.8953
3000,15,20000,3900,-1,,0,,3900,-1,25,0.0
3000,16,20000,3450,4000,1,1,1,3450,4000,34,0.9637
3000,17,20000,3450,4200,1,1,1,3450,4200,34,0.9261
3000,18,20000,3800,4600,1,1,1,3800,4600,41,0.7011
3000,19,20000,3350,-1,,0,,3350,-1,7,0.0
3000,20,20000,3450,4950,1,1,1,3450,4950,41,0.5943
3000,21,20000,3950,-1,,0,,3950,-1,0,0.0
3000,22,20000,3450,4100,1,1,1,3450,4100,36,0.9119
3000,23,20000,3550,5600,1,1,1,3550,5600,37,0.8327
3000,24,20000,3650,4650,1,1,1,3650,4650,46,0.576
3000,25,20000,3550,-1,,0,,3550,-1,26,0.0
3000,26,20000,3900,4700,1,1,1,3900,4700,41,0.7367
3000,27,20000,3900,4450,1,1,1,3900,4450,40,0.7197
3000,28,20000,4000,3300,0,1,1,4000,4050,35,0.8531
3000,29,20000,3500,4200,1,1,1,3500,4200,37,0.8432
3000,30,20000,3400,4050,1,1,1,3400,4050,39,0.8012
3000,31,20000,3500,-1,,0,,3500,-1,18,0.0
3000,32,20000,3650,3450,0,1,1,3650,4100,42,0.6536
3000,33,20000,3400,-1,,0,,3400,-1,25,0.0
3000,34,20000,3450,5200,1,1,1,3450,5200,30,0.8516
3000,35,20000,4000,4000,0,1,1,4000,4050,41,0.6343
3000,36,20000,3450,4850,1,1,1,3450,4850,41,0.6737
3000,37,20000,3500,3950,1,1,1,3500,3950,35,0.946
3000,38,20000,3500,5050,1,1,1,3500,5050,35,0.8229
3000,39,20000,3450,-1,,0,,3450,-1,24,0.0
5000,0,20000,3500,-1,,0,,3500,-1,22,0.0
5000,1,20000,3700,5400,1,1,1,3700,5400,40,0.655
5000,2,20000,4000,-1,,0,,4000,-1,14,0.0
5000,3,20000,3650,5650,1,1,1,3650,5650,34,0.9553
5000,4,20000,4100,5700,1,1,1,4100,5700,36,0.8943
5000,5,20000,3500,7850,1,1,1,3500,7850,42,0.5028
5000,6,20000,3850,5850,1,1,1,3850,5850,39,0.7098
5000,7,20000,3950,6350,1,1,1,3950,6350,36,0.8492
5000,8,20000,4000,-1,,0,,4000,-1,21,0.0
5000,9,20000,3600,7150,1,1,1,3600,7150,43,0.5435
5000,10,20000,3800,6500,1,1,1,3800,6500,39,0.7661
5000,11,20000,3500,-1,,0,,3500,-1,17,0.0
5000,12,20000,3550,5250,1,1,1,3550,5250,41,0.6318
5000,13,20000,3950,5550,1,1,1,3950,5550,36,0.9081
5000,14,20000,3800,6650,1,1,1,3800,6650,38,0.7087
5000,15,20000,3900,-1,,0,,3900,-1,25,0.0
5000,16,20000,3450,6250,1,1,1,3450,6250,39,0.7653
5000,17,20000,3450,6550,1,1,1,3450,6550,40,0.7546
5000,18,20000,3800,6600,1,1,1,3800,6600,37,0.7679
5000,19,20000,3350,-1,,0,,3350,-1,7,0.0
5000,20,20000,3450,6100,1,1,1,3450,6100,36,0.9177
5000,21,20000,3950,-1,,0,,3950,-1,0,0.0
5000,22,20000,3450,5450,1,1,1,3450,5450,40,0.6795
5000,23,20000,3550,-1,,0,,3550,-1,16,0.0
5000,24,20000,3650,5650,1,1,1,3650,5650,34,0.9837
5000,25,20000,3550,-1,,0,,3550,-1,26,0.0
5000,26,20000,3950,6950,1,1,1,3950,6950,45,0.5017
5000,27,20000,3900,5850,1,1,1,3900,5850,37,0.6925
5000,28,20000,3950,5350,1,1,1,3950,5350,44,0.571
5000,29,20000,3500,6300,1,1,1,3500,6300,41,0.6148
5000,30,20000,3400,6150,1,1,1,3400,6150,34,0.9332
5000,31,20000,3500,-1,,0,,3500,-1,18,0.0
5000,32,20000,3650,5300,1,1,1,3650,5300,38,0.7132
5000,33,20000,3400,-1,,0,,3400,-1,25,0.0
5000,34,20000,3450,-1,,0,,3450,-1,20,0.0
5000,35,20000,4000,6600,1,1,1,4000,6600,35,0.9434
5000,36,20000,3450,6750,1,1,1,3450,6750,34,0.9514
5000,37,20000,3500,5950,1,1,1,3500,5950,35,0.943
5000,38,20000,3500,7150,1,1,1,3500,7150,39,0.8031
5000,39,20000,3450,-1,,0,,3450,-1,24,0.0
7000,0,20000,3500,-1,,0,,3500,-1,12,0.0
7000,1,20000,3700,7350,1,1,1,3700,7350,38,0.8038
7000,2,20000,4000,-1,,0,,4000,-1,14,0.0
7000,3,20000,3650,7450,1,1,1,3650,7450,42,0.5617
7000,4,20000,4100,8550,1,1,1,4100,8550,34,0.9408
7000,5,20000,3500,8100,1,1,1,3500,8100,36,0.8159
7000,6,20000,3850,8600,1,1,1,3850,8600,34,0.9765
7000,7,20000,3950,7450,1,1,1,3950,7450,35,0.878
7000,8,20000,4000,-1,,0,,4000,-1,21,0.0
7000,9,20000,3600,8400,1,1,1,3600,8400,43,0.6028
7000,10,20000,3800,8600,1,1,1,3800,8600,35,0.8592
7000,11,20000,3500,-1,,0,,3500,-1,17,0.0
7000,12,20000,3550,7250,1,1,1,3550,7250,36,0.9155
7000,13,20000,3950,8550,1,1,1,3950,8550,34,0.9436
7000,14,20000,3800,7800,1,1,1,3800,7800,39,0.6732
7000,15,20000,3900,-1,,0,,3900,-1,25,0.0
7000,16,20000,3450,7500,1,1,1,3450,7500,39,0.672
7000,17,20000,3450,8350,1,1,1,3450,8350,44,0.5729
7000,18,20000,3800,9300,1,1,1,3800,9300,41,0.6589
7000,19,20000,3350,-1,,0,,3350,-1,7,0.0
7000,20,20000,3450,8150,1,1,1,3450,8150,33,0.9749
7000,21,20000,3950,-1,,0,,3950,-1,0,0.0
7000,22,20000,3450,8650,1,1,1,3450,8650,34,0.9562
7000,23,20000,3550,-1,,0,,3550,-1,16,0.0
7000,24,20000,3650,7350,1,1,1,3650,7350,38,0.8413
7000,25,20000,3550,-1,,0,,3550,-1,26,0.0
7000,26,20000,3950,8550,1,1,1,3950,8550,37,0.8608
7000,27,20000,3900,8450,1,1,1,3900,8450,35,0.923
7000,28,20000,3950,7400,1,1,1,3950,7400,39,0.7376
7000,29,20000,3500,8050,1,1,1,3500,8050,35,0.9359
7000,30,20000,3400,7350,1,1,1,3400,7350,38,0.6757
7000,31,20000,3500,-1,,0,,3500,-1,18,0.0
7000,32,20000,3650,7400,1,1,1,3650,7400,39,0.7315
7000,33,20000,3400,-1,,0,,3400,-1,25,0.0
7000,34,20000,3450,-1,,0,,3450,-1,20,0.0
7000,35,20000,4000,8750,1,1,1,4000,8750,44,0.5738
7000,36,20000,3450,7750,1,1,1,3450,7750,39,0.7792
7000,37,20000,3500,7400,1,1,1,3500,7400,35,0.966
7000,38,20000,3500,8250,1,1,1,3500,8250,37,0.776
7000,39,20000,3450,-1,,0,,3450,-1,24,0.0
10000,0,20000,3500,-1,,0,,3500,-1,12,0.0
10000,1,20000,3700,10250,1,1,1,3700,10250,35,0.9423
10000,2,20000,4000,-1,,0,,4000,-1,14,0.0
10000,3,20000,3650,10650,1,1,1,3650,10650,38,0.8222
10000,4,20000,4100,12150,1,1,1,4100,12150,48,0.5232
10000,5,20000,3500,-1,,0,,3500,-1,24,0.0
10000,6,20000,3850,11750,1,1,1,3850,11750,45,0.5826
10000,7,20000,3950,11800,1,1,1,3950,11800,40,0.5769
10000,8,20000,4000,-1,,0,,4000,-1,21,0.0
10000,9,20000,3600,11950,1,1,1,3600,11950,38,0.8452
10000,10,20000,3800,10850,1,1,1,3800,10850,39,0.6861
10000,11,20000,3500,-1,,0,,3500,-1,17,0.0
10000,12,20000,3550,10250,1,1,1,3550,10250,35,0.9044
10000,13,20000,3950,12350,1,1,1,3950,12350,38,0.8512
10000,14,20000,3800,-1,,0,,3800,-1,18,0.0
10000,15,20000,3900,-1,,0,,3900,-1,25,0.0
10000,16,20000,3450,10350,1,1,1,3450,10350,35,0.9177
10000,17,20000,3450,-1,,0,,3450,-1,24,0.0
10000,18,20000,3800,-1,,0,,3800,-1,34,0.0
10000,19,20000,3350,-1,,0,,3350,-1,7,0.0
10000,20,20000,3450,10750,1,1,1,3450,10750,34,0.9832
10000,21,20000,3950,-1,,0,,3950,-1,0,0.0
10000,22,20000,3450,11850,1,1,1,3450,11850,40,0.6549
10000,23,20000,3550,-1,,0,,3550,-1,16,0.0
10000,24,20000,3650,11400,1,1,1,3650,11400,33,0.9471
10000,25,20000,3550,-1,,0,,3550,-1,26,0.0
10000,26,20000,3950,10750,1,1,1,3950,10750,44,0.6849
10000,27,20000,3900,10400,1,1,1,3900,10400,35,0.8771
10000,28,20000,3950,12600,1,1,1,3950,12600,35,0.9541
10000,29,20000,3500,11100,1,1,1,3500,11100,41,0.6796
10000,30,20000,3400,10450,1,1,1,3400,10450,35,0.9254
10000,31,20000,3500,-1,,0,,3500,-1,18,0.0
10000,32,20000,3650,10350,1,1,1,3650,10350,44,0.6071
10000,33,20000,3400,-1,,0,,3400,-1,25,0.0
10000,34,20000,3450,-1,,0,,3450,-1,20,0.0
10000,35,20000,4000,-1,,0,,4000,-1,16,0.0
10000,36,20000,3450,10350,1,1,1,3450,10350,40,0.7481
10000,37,20000,3500,10350,1,1,1,3500,10350,34,0.9165
10000,38,20000,3500,-1,,0,,3500,-1,16,0.0
10000,39,20000,3450,-1,,0,,3450,-1,24,0.0
14000,0,20000,3500,-1,,0,,3500,-1,12,0.0
14000,1,20000,3700,14250,1,1,1,3700,14250,42,0.6496
14000,2,20000,4000,-1,,0,,4000,-1,14,0.0
14000,3,20000,3650,14450,1,1,1,3650,14450,48,0.4505
14000,4,20000,4100,18600,1,1,1,4100,18600,24,0.2987
14000,5,20000,3500,-1,,0,,3500,-1,24,0.0
14000,6,20000,3850,14250,1,1,1,3850,14250,45,0.5178
14000,7,20000,3950,14400,1,1,1,3950,14400,40,0.6634
14000,8,20000,4000,-1,,0,,4000,-1,21,0.0
14000,9,20000,3600,14650,1,1,1,3600,14650,37,0.7304
14000,10,20000,3800,-1,,0,,3800,-1,15,0.0
14000,11,20000,3500,-1,,0,,3500,-1,17,0.0
14000,12,20000,3550,14400,1,1,1,3550,14400,38,0.756
14000,13,20000,3950,14350,1,1,1,3950,14350,32,0.9714
14000,14,20000,3800,-1,,0,,3800,-1,18,0.0
14000,15,20000,3900,-1,,0,,3900,-1,25,0.0
14000,16,20000,3450,18250,1,1,1,3450,18250,22,0.5129
14000,17,20000,3450,-1,,0,,3450,-1,24,0.0
14000,18,20000,3800,-1,,0,,3800,-1,27,0.0
14000,19,20000,3350,-1,,0,,3350,-1,7,0.0
14000,20,20000,3450,14500,1,1,1,3450,14500,42,0.6001
14000,21,20000,3950,-1,,0,,3950,-1,0,0.0
14000,22,20000,3450,-1,,0,,3450,-1,24,0.0
14000,23,20000,3550,-1,,0,,3550,-1,16,0.0
14000,24,20000,3650,15150,1,1,1,3650,15150,32,0.9679
14000,25,20000,3550,-1,,0,,3550,-1,26,0.0
14000,26,20000,3950,-1,,0,,3950,-1,16,0.0
14000,27,20000,3900,14400,1,1,1,3900,14400,34,0.9939
14000,28,20000,3950,14400,1,1,1,3950,14400,35,0.779
14000,29,20000,3500,14350,1,1,1,3500,14350,38,0.8134
14000,30,20000,3400,15100,1,1,1,3400,15100,34,0.9692
14000,31,20000,3500,-1,,0,,3500,-1,18,0.0
14000,32,20000,3650,-1,,0,,3650,-1,15,0.0
14000,33,20000,3400,-1,,0,,3400,-1,25,0.0
14000,34,20000,3450,-1,,0,,3450,-1,20,0.0
14000,35,20000,4000,-1,,0,,4000,-1,16,0.0
14000,36,20000,3450,16050,1,1,1,3450,16050,35,0.6031
14000,37,20000,3500,14600,1,1,1,3500,14600,33,0.9147
14000,38,20000,3500,-1,,0,,3500,-1,16,0.0
14000,39,20000,3450,-1,,0,,3450,-1,24,0.0
