imposed_cv,imposed_T,seed,steady_S,n_obs,n_pop_samples,final_pop,frac_lt2_div,frac_lt4_div,mean_realized_interval
0.0,3200,15,0.80475,416,81,32,0.75,0.9375,3200.0
0.0,3200,5,0.0,405,81,15,0.2222,0.2222,3200.0
0.0,3200,10,0.81165,144,81,2,0.5903,0.7986,3200.0
0.0,3200,3,0.8098,736,81,32,0.7174,0.9293,3200.0
0.0,3200,11,0.8098,736,81,32,0.7174,0.9293,3200.0
0.0,3200,14,0.81116,550,81,22,0.16,0.7164,3200.0
0.0,3200,9,0.8139,625,81,25,0.2624,0.7584,3200.0
0.0,3200,1,0.80238,575,81,23,0.16,0.4661,3200.0
0.0,3200,8,0.81573,800,81,32,0.48,0.87,3200.0
0.0,3200,2,0.81396,600,81,24,0.16,0.48,3200.0
0.0,3200,12,0.81084,600,81,24,0.16,0.48,3200.0
0.0,3200,4,0.81205,650,81,26,0.16,0.7523,3200.0
0.0,3200,0,0.81568,800,81,32,0.16,0.74,3200.0
0.0,3200,7,0.81573,800,81,32,0.16,0.74,3200.0
0.0,3200,13,0.81573,800,81,32,0.16,0.74,3200.0
0.0,3200,6,0.81566,800,81,32,0.16,0.74,3200.0
0.0,3200,17,0.81572,799,81,32,0.4793,0.8698,3200.0
0.0,6400,0,0.90603,416,81,32,0.75,1.0,6400.0
0.0,6400,1,0.9031,506,81,22,0.7016,1.0,6400.0
0.0,3200,16,0.81573,825,81,33,0.4897,0.8739,3200.0
0.0,3200,21,0.80602,746,81,32,0.7172,0.9263,3200.0
0.0,3200,18,0.81573,800,81,32,0.48,0.87,3200.0
0.0,6400,5,0.0,360,81,15,0.125,1.0,6400.0
0.0,6400,2,0.91024,552,81,24,0.7174,1.0,6400.0
0.0,3200,20,0.81573,800,81,32,0.48,0.87,3200.0
0.0,6400,3,0.24824,398,81,8,0.2663,1.0,6400.0
0.0,3200,22,0.81401,600,81,24,0.16,0.74,3200.0
0.0,6400,6,0.90604,416,81,32,0.75,1.0,6400.0
0.0,6400,4,0.73699,446,81,27,0.7287,1.0,6400.0
0.0,3200,24,0.81246,575,81,23,0.16,0.7287,3200.0
0.0,3200,19,0.81567,800,81,32,0.16,0.74,3200.0
0.0,3200,23,0.81571,800,81,32,0.16,0.74,3200.0
0.0,6400,8,0.90608,260,81,20,0.7808,1.0,6400.0
0.0,6400,9,0.90605,312,81,24,0.75,1.0,6400.0
0.0,6400,10,0.90423,312,81,24,0.8013,1.0,6400.0
0.0,6400,7,0.90608,416,81,32,0.75,1.0,6400.0
0.0,6400,16,0.81939,234,81,18,0.688,1.0,6400.0
0.0,6400,17,0.90606,208,81,16,0.75,1.0,6400.0
0.0,6400,14,0.90608,312,81,24,0.75,1.0,6400.0
0.0,6400,15,0.0,360,81,15,0.125,1.0,6400.0
0.0,6400,11,0.24824,398,81,8,0.2663,1.0,6400.0
0.0,6400,18,0.90608,208,81,16,0.75,1.0,6400.0
0.0,6400,20,0.90608,208,81,16,0.75,1.0,6400.0
0.0,6400,13,0.90533,414,81,31,0.7488,1.0,6400.0
0.0,6400,12,0.90689,552,81,24,0.7174,1.0,6400.0
0.0,6400,19,0.90601,416,81,32,0.75,1.0,6400.0
0.0,6400,21,0.24824,398,81,8,0.2663,1.0,6400.0
0.0,6400,22,0.90608,312,81,24,0.75,1.0,6400.0
0.0,6400,24,0.90306,260,81,20,0.7192,1.0,6400.0
0.0,6400,23,0.81507,542,81,36,0.7583,1.0,6400.0
0.05,3200,5,0.0,441,81,19,0.254,0.3016,3236.95
0.05,3200,3,0.80552,683,81,36,0.7321,0.9356,3309.25
0.05,3200,11,0.81375,711,81,33,0.7103,0.9255,3216.29
0.05,3200,8,0.81089,772,81,37,0.4754,0.8666,3185.16
0.05,3200,10,0.80313,786,81,41,0.5,0.8791,3182.95
0.05,3200,0,0.81361,796,81,36,0.1709,0.7475,3222.85
0.05,3200,9,0.8048,775,81,38,0.3419,0.8194,3192.46
0.05,3200,7,0.81107,759,81,41,0.1489,0.7642,3220.06
0.05,3200,4,0.81015,779,81,36,0.2734,0.7946,3144.57
0.05,3200,6,0.81213,784,81,36,0.1773,0.7589,3210.73
0.05,3200,2,0.80889,787,81,34,0.1055,0.6734,3185.36
0.05,3200,1,0.80353,809,81,39,0.1595,0.6428,3177.52
0.05,3200,12,0.80305,774,81,38,0.1434,0.6292,3190.7
0.05,3200,15,0.0,385,81,18,0.5247,0.6727,3106.52
0.05,3200,13,0.81538,789,81,37,0.1521,0.7414,3189.8
0.05,3200,14,0.82193,783,81,36,0.3078,0.811,3215.94
0.05,3200,16,0.81367,748,81,34,0.4532,0.857,3160.92
0.05,6400,0,0.82998,421,81,29,0.7197,1.0,6465.5
0.05,3200,17,0.83262,734,81,33,0.4196,0.8542,3195.41
0.05,6400,1,0.91239,528,81,38,0.7424,1.0,6219.91
0.05,3200,21,0.80889,677,81,40,0.7341,0.938,3203.37
0.05,6400,2,0.90419,573,81,33,0.7382,1.0,6472.81
0.05,3200,18,0.82,758,81,34,0.4657,0.8681,3147.58
0.05,3200,20,0.81937,788,81,35,0.4734,0.8706,3175.13
0.05,6400,3,0.23552,413,81,16,0.6392,1.0,6622.15
0.05,6400,4,0.73523,490,81,32,0.7449,1.0,6303.41
0.05,3200,24,0.81147,746,81,32,0.319,0.8043,3176.27
0.05,3200,22,0.81736,788,81,37,0.3135,0.8033,3193.2
0.05,3200,19,0.81175,775,81,36,0.1394,0.7432,3191.59
0.05,6400,5,0.0,430,81,22,0.4907,1.0,6435.63
0.05,3200,23,0.80369,788,81,36,0.1586,0.7437,3175.84
0.05,6400,6,0.87111,401,81,29,0.7107,1.0,6539.87
0.05,6400,8,0.52964,349,81,26,0.5587,1.0,6544.64
0.05,6400,7,0.82425,443,81,31,0.7291,1.0,6397.27
0.05,6400,9,0.51922,417,81,25,0.5755,1.0,6470.72
0.05,6400,11,0.22899,398,81,16,0.5176,1.0,6347.41
0.05,6400,10,0.41835,416,81,22,0.5913,1.0,6679.61
0.05,6400,13,0.83465,448,81,31,0.7277,1.0,6470.73
0.05,6400,14,0.68772,401,81,24,0.6459,1.0,6410.55
0.05,6400,12,0.90087,590,81,35,0.7475,1.0,6335.72
0.05,6400,15,0.0,391,81,17,0.3811,1.0,6248.24
0.05,6400,17,0.44039,420,81,22,0.5738,1.0,6345.35
0.05,6400,18,0.4567,393,81,27,0.5751,1.0,6541.74
0.05,6400,16,0.49191,411,81,20,0.5693,1.0,6538.43
0.05,6400,19,0.84305,434,81,31,0.7535,1.0,6344.65
0.05,6400,21,0.25897,331,81,23,0.4592,1.0,6543.36
0.05,6400,20,0.43698,395,81,28,0.6101,1.0,6605.69
0.05,6400,22,0.77259,346,81,27,0.6532,1.0,6498.62
0.05,6400,24,0.55033,409,81,24,0.5746,1.0,6475.67
0.05,6400,23,0.84195,519,81,39,0.7534,1.0,6319.91
0.1,3200,5,0.35574,451,81,26,0.6408,0.9002,2989.53
0.1,3200,3,0.85165,736,81,35,0.6875,0.9239,3144.49
0.1,3200,0,0.82623,781,81,36,0.1383,0.7286,3118.07
0.1,3200,11,0.82996,656,81,37,0.7287,0.9436,3435.3
0.1,3200,2,0.8255,787,81,36,0.1055,0.6595,3187.31
0.1,3200,8,0.83364,791,81,39,0.4842,0.871,3105.13
0.1,3200,1,0.82437,802,81,39,0.0923,0.6708,3144.16
0.1,3200,10,0.83019,766,81,36,0.5339,0.8747,3125.8
0.1,3200,9,0.83255,784,81,35,0.3099,0.8189,3185.41
0.1,3200,7,0.8272,787,81,42,0.1817,0.77,3230.96
0.1,3200,6,0.83619,800,81,38,0.1688,0.755,3276.61
0.1,3200,4,0.82449,787,81,38,0.2313,0.7992,3206.51
0.1,3200,15,0.0,414,81,24,0.6184,0.8841,3204.87
0.1,3200,13,0.824,789,81,36,0.147,0.7402,3227.35
0.1,3200,12,0.82668,824,81,39,0.0825,0.6675,3191.53
0.1,3200,14,0.80408,802,81,37,0.3404,0.8117,3128.85
0.1,3200,16,0.82123,774,81,36,0.4289,0.8643,3177.94
0.1,3200,17,0.82392,784,81,37,0.4783,0.8801,3148.01
0.1,6400,0,0.84817,459,81,30,0.7059,1.0,6421.98
0.1,6400,1,0.90305,527,81,33,0.7211,1.0,6393.37
0.1,3200,21,0.85875,676,81,36,0.7189,0.929,3284.36
0.1,3200,18,0.83426,793,81,41,0.4502,0.8777,3233.32
0.1,6400,2,0.91508,603,81,38,0.7512,1.0,6198.45
0.1,6400,3,0.23879,421,81,16,0.6081,1.0,6351.85
0.1,3200,20,0.8492,787,81,37,0.5019,0.8679,3183.93
0.1,3200,19,0.83171,803,81,39,0.1631,0.7273,3146.58
0.1,6400,4,0.73906,486,81,32,0.7222,1.0,6672.38
0.1,3200,22,0.83279,797,81,37,0.3011,0.803,3178.95
0.1,6400,5,0.0,420,81,22,0.5,1.0,6748.08
0.1,3200,24,0.82086,786,81,35,0.3028,0.8079,3151.1
0.1,3200,23,0.82689,775,81,36,0.1445,0.7432,3224.41
0.1,6400,6,0.88787,414,81,26,0.7029,1.0,6267.8
0.1,6400,7,0.86637,401,81,24,0.6858,1.0,6540.79
0.1,6400,8,0.4916,416,81,15,0.6851,1.0,6849.47
0.1,6400,9,0.68249,376,81,23,0.6569,1.0,6524.03
0.1,6400,10,0.41942,407,81,22,0.5725,1.0,6657.05
0.1,6400,11,0.22709,416,81,21,0.5144,1.0,6365.43
0.1,6400,13,0.90645,431,81,30,0.7541,1.0,6354.98
0.1,6400,14,0.66547,420,81,22,0.6857,1.0,6134.66
0.1,6400,15,0.0,437,81,22,0.5217,1.0,6636.87
0.1,6400,12,0.91402,632,81,38,0.7547,1.0,6057.66
0.1,6400,16,0.49356,410,81,21,0.6341,1.0,6429.8
0.1,6400,19,0.91751,402,81,28,0.7662,1.0,6611.35
0.1,6400,18,0.45042,411,81,20,0.5499,1.0,6235.77
0.1,6400,17,0.46483,405,81,18,0.5704,1.0,6096.71
0.1,6400,20,0.50154,406,81,22,0.5025,1.0,6461.16
0.1,6400,22,0.64645,428,81,22,0.6612,1.0,6589.39
0.1,6400,21,0.21179,399,81,25,0.4561,1.0,6885.29
0.1,6400,23,0.82567,470,81,33,0.7574,1.0,6472.86
0.1,6400,24,0.66317,402,81,27,0.6542,1.0,6354.22
0.15,3200,5,0.0,439,81,22,0.6492,0.7312,3395.06
0.15,3200,3,0.84912,702,81,37,0.7037,0.9145,3217.24
0.15,3200,0,0.82716,778,81,38,0.1157,0.7416,3174.63
0.15,3200,11,0.83924,676,81,38,0.7041,0.9364,3104.11
0.15,3200,1,0.83004,778,81,37,0.0938,0.6787,3195.83
0.15,3200,4,0.83695,781,81,38,0.2958,0.7875,3192.53
0.15,3200,2,0.83404,800,81,36,0.1,0.6713,3304.56
0.15,3200,10,0.841,777,81,39,0.4942,0.888,3141.48
0.15,3200,8,0.82825,806,81,37,0.4206,0.8821,3194.48
0.15,3200,9,0.81657,788,81,36,0.3579,0.8452,3100.15
0.15,3200,7,0.82959,782,81,40,0.1867,0.7583,3185.99
0.15,3200,6,0.82918,785,81,36,0.1631,0.749,3194.28
0.15,3200,13,0.8327,774,81,37,0.1641,0.7481,3257.32
0.15,3200,12,0.83476,780,81,38,0.0923,0.6705,3302.0
0.15,3200,15,0.83161,552,81,35,0.7428,0.9275,2917.63
0.15,3200,14,0.84236,774,81,37,0.3643,0.8217,3166.23
0.15,3200,17,0.82053,806,81,40,0.5223,0.8648,3039.21
0.15,6400,0,0.89818,420,81,26,0.7357,1.0,6459.8
0.15,3200,16,0.84027,786,81,38,0.3232,0.8537,3271.45
0.15,3200,18,0.82929,780,81,36,0.4769,0.8526,3050.02
0.15,3200,21,0.8312,690,81,36,0.7174,0.9145,3076.43
0.15,6400,1,0.92982,521,81,32,0.7217,1.0,7001.38
0.15,6400,2,0.91001,612,81,38,0.7418,1.0,6407.22
0.15,3200,20,0.83362,801,81,39,0.5655,0.8864,3340.14
0.15,6400,5,0.16261,422,81,19,0.5924,1.0,6449.24
0.15,6400,4,0.75706,460,81,27,0.7391,1.0,6411.66
0.15,6400,3,0.27222,408,81,18,0.5833,1.0,6138.41
0.15,3200,22,0.84556,793,81,35,0.2926,0.8083,3145.46
0.15,3200,19,0.83562,802,81,37,0.1496,0.6945,3021.67
0.15,3200,24,0.83089,789,81,37,0.251,0.8162,3215.43
0.15,3200,23,0.83441,778,81,37,0.1478,0.7031,3111.81
0.15,6400,6,0.9259,377,81,23,0.7613,1.0,6711.41
0.15,6400,8,0.47765,403,81,19,0.6476,1.0,5688.32
0.15,6400,9,0.63399,408,81,20,0.6176,1.0,5804.36
0.15,6400,7,0.88533,429,81,24,0.7203,1.0,6247.34
0.15,6400,10,0.47394,411,81,19,0.6326,1.0,6167.25
0.15,6400,11,0.20583,416,81,23,0.5048,1.0,6760.19
0.15,6400,14,0.67915,396,81,19,0.6389,1.0,7019.41
0.15,6400,12,0.93012,572,81,34,0.743,1.0,6355.9
0.15,6400,13,0.87102,472,81,31,0.7373,1.0,6118.77
0.15,6400,15,0.0,416,81,20,0.5144,1.0,6683.98
0.15,6400,19,0.85294,439,81,27,0.7449,1.0,6584.71
0.15,6400,17,0.5598,380,81,19,0.6316,1.0,6666.31
0.15,6400,16,0.59638,422,81,23,0.7109,0.9953,5705.69
0.15,6400,18,0.43712,404,81,17,0.6535,1.0,6858.79
0.15,6400,20,0.53277,390,81,20,0.6641,1.0,6286.18
0.15,6400,21,0.24508,384,81,15,0.5625,1.0,6582.91
0.15,6400,22,0.69051,411,81,21,0.6229,1.0,6167.86
0.15,6400,24,0.70362,399,81,20,0.6967,1.0,5814.12
0.15,6400,23,0.87296,550,81,32,0.7164,1.0,6185.98
0.2,3200,5,0.21027,450,81,22,0.7133,0.9244,3051.37
0.2,3200,3,0.83087,721,81,38,0.6838,0.9209,3211.64
0.2,3200,0,0.84092,773,81,37,0.1721,0.74,3338.98
0.2,3200,1,0.84771,768,81,37,0.0807,0.5716,3147.4
0.2,3200,8,0.81716,789,81,37,0.5146,0.8758,3038.67
0.2,3200,11,0.847,666,81,37,0.7447,0.9234,3235.83
0.2,3200,2,0.83051,780,81,38,0.091,0.6385,3161.2
0.2,3200,10,0.82948,776,81,37,0.4639,0.8956,3269.22
0.2,3200,4,0.82397,778,81,35,0.3419,0.8098,3165.53
0.2,3200,9,0.83415,779,81,38,0.3517,0.8562,3110.58
0.2,3200,6,0.84608,773,81,38,0.207,0.7995,3384.03
0.2,3200,7,0.84354,801,81,38,0.2422,0.784,3275.43
0.2,3200,12,0.839,775,81,37,0.1019,0.6516,3332.23
0.2,3200,13,0.84277,769,81,37,0.1118,0.684,3136.16
0.2,3200,15,0.0,431,81,19,0.5824,0.7332,3411.89
0.2,3200,14,0.85055,769,81,36,0.2185,0.814,3186.84
0.2,6400,0,0.93134,437,81,25,0.7643,1.0,6228.32
0.2,3200,16,0.83398,783,81,37,0.4278,0.8646,3298.99
0.2,3200,17,0.83443,763,81,36,0.4155,0.8532,3082.07
0.2,6400,1,0.90769,575,81,35,0.7583,1.0,5891.7
0.2,6400,2,0.93194,602,81,38,0.7591,1.0,6033.11
0.2,3200,18,0.84513,773,81,36,0.4696,0.8383,3149.0
0.2,3200,21,0.83505,735,81,38,0.6966,0.9238,2792.17
0.2,3200,20,0.83737,772,81,36,0.4611,0.851,3106.32
0.2,6400,3,0.25109,409,81,21,0.6088,1.0,6913.77
0.2,3200,19,0.8357,775,81,35,0.1135,0.7058,3083.37
0.2,3200,24,0.84491,774,81,36,0.2881,0.7946,3165.61
0.2,3200,22,0.82553,803,81,36,0.3176,0.7385,2877.59
0.2,6400,5,0.12305,416,81,20,0.4135,1.0,6411.77
0.2,6400,4,0.79201,562,81,29,0.7438,1.0,5288.92
0.2,3200,23,0.83507,757,81,35,0.1651,0.7028,3229.52
0.2,6400,6,0.86076,411,81,22,0.7445,1.0,6475.74
0.2,6400,7,0.88033,425,81,24,0.7247,1.0,5769.81
0.2,6400,9,0.65243,392,81,20,0.6633,1.0,6387.57
0.2,6400,8,0.57821,389,81,17,0.6298,1.0,7025.49
0.2,6400,10,0.39513,419,81,19,0.6277,1.0,6246.56
0.2,6400,11,0.21644,409,81,17,0.4401,1.0,6221.03
0.2,6400,13,0.87212,466,81,27,0.7468,1.0,6841.72
0.2,6400,12,0.90515,610,81,35,0.7754,1.0,6453.26
0.2,6400,14,0.73629,438,81,24,0.7215,1.0,6222.73
0.2,6400,16,0.60866,415,81,23,0.6867,1.0,6127.98
0.2,6400,17,0.46631,396,81,21,0.6035,1.0,6022.66
0.2,6400,15,0.0,433,81,21,0.5404,1.0,6686.99
0.2,6400,18,0.5314,398,81,20,0.5779,1.0,6322.71
0.2,6400,20,0.48648,412,81,14,0.6845,1.0,6257.24
0.2,6400,19,0.87927,484,81,30,0.7459,1.0,6111.8
0.2,6400,21,0.22616,417,81,21,0.5444,1.0,6521.04
0.2,6400,22,0.76666,413,81,21,0.7312,1.0,5704.86
0.2,6400,24,0.69112,393,81,18,0.6412,1.0,6785.82
0.2,6400,23,0.8532,561,81,31,0.7487,1.0,6366.84
0.3,3200,5,0.0,435,81,17,0.5885,0.7471,2966.27
0.3,3200,3,0.8291,715,81,35,0.6839,0.9497,2806.78
0.3,3200,0,0.82391,785,81,38,0.1299,0.6548,2968.47
0.3,3200,1,0.82283,784,81,38,0.1352,0.6543,3067.88
0.3,3200,11,0.83702,724,81,38,0.7127,0.9199,2950.82
0.3,3200,9,0.82322,784,81,38,0.5026,0.8827,3246.04
0.3,3200,8,0.83895,776,81,35,0.5,0.9046,3219.35
0.3,3200,10,0.82754,792,81,39,0.4848,0.846,2854.55
0.3,3200,2,0.82853,789,81,39,0.0951,0.5551,3160.16
0.3,3200,4,0.83003,765,81,38,0.281,0.7477,2860.59
0.3,3200,6,0.84088,786,81,39,0.201,0.729,3196.21
0.3,3200,7,0.82656,778,81,37,0.2455,0.7468,3077.62
0.3,3200,12,0.83889,777,81,34,0.1326,0.6654,3227.68
0.3,3200,15,0.0,404,81,20,0.5941,0.797,3015.16
0.3,3200,13,0.84145,782,81,37,0.1279,0.7046,3113.46
0.3,3200,14,0.84248,787,81,38,0.352,0.7891,2949.67
0.3,3200,16,0.82162,810,81,38,0.4605,0.8543,2903.15
0.3,6400,0,0.88901,486,81,27,0.7284,1.0,5362.82
0.3,3200,17,0.84345,814,81,39,0.3943,0.8256,3121.34
0.3,3200,21,0.85162,693,81,39,0.7258,0.9538,3350.66
0.3,6400,2,0.90721,519,81,33,0.7726,1.0,6123.49
0.3,6400,1,0.92358,619,81,34,0.8013,1.0,5906.61
0.3,3200,18,0.822,781,81,36,0.3483,0.8387,2901.46
0.3,6400,3,0.27248,405,81,18,0.5926,1.0,6402.57
0.3,3200,20,0.83045,783,81,37,0.4444,0.8697,3109.53
0.3,3200,19,0.82315,764,81,35,0.123,0.6414,2947.74
0.3,6400,4,0.78611,542,81,29,0.7731,1.0,5376.33
0.3,3200,22,0.82313,785,81,40,0.2943,0.8611,3142.29
0.3,3200,24,0.83635,800,81,38,0.3275,0.8063,3140.75
0.3,6400,5,0.0,428,81,20,0.6005,0.9907,5990.54
0.3,3200,23,0.83073,780,81,36,0.1423,0.6987,3186.33
0.3,6400,6,0.88515,471,81,29,0.8089,1.0,5911.81
0.3,6400,7,0.79857,387,81,19,0.6873,1.0,7229.21
0.3,6400,8,0.46866,407,81,20,0.6806,1.0,7000.08
0.3,6400,10,0.51594,399,81,16,0.6366,0.9925,5466.96
0.3,6400,9,0.59911,391,81,18,0.6266,1.0,5669.58
0.3,6400,11,0.20207,413,81,20,0.586,1.0,5715.26
0.3,6400,14,0.87029,403,81,23,0.727,1.0,5773.58
0.3,6400,13,0.92258,512,81,31,0.7617,1.0,5354.36
0.3,6400,15,0.0,410,81,23,0.439,0.9585,5628.34
0.3,6400,12,0.91136,663,81,35,0.736,1.0,4955.53
0.3,6400,16,0.66554,393,81,19,0.7557,0.9567,5884.83
0.3,6400,17,0.57076,402,81,19,0.7065,0.9701,5310.87
0.3,6400,18,0.62885,393,81,19,0.6819,1.0,5969.7
0.3,6400,19,0.92298,421,81,23,0.7886,1.0,6122.66
0.3,6400,20,0.4542,415,81,19,0.5759,1.0,5821.9
0.3,6400,21,0.21383,416,81,21,0.5216,1.0,6524.69
0.3,6400,22,0.86897,452,81,25,0.6991,1.0,4296.96
0.3,6400,24,0.83452,383,81,20,0.624,1.0,5780.69
0.3,6400,23,0.83906,563,81,35,0.7353,1.0,6429.72
0.5,3200,5,0.0,394,81,18,0.5228,0.8198,3556.43
0.5,3200,0,0.82931,777,81,36,0.1828,0.7529,3348.42
0.5,3200,3,0.81422,759,81,37,0.2938,0.7721,2819.75
0.5,3200,11,0.84072,631,81,35,0.7021,0.9604,3141.31
0.5,3200,7,0.84181,768,81,38,0.4492,0.888,3335.46
0.5,3200,8,0.84017,767,81,36,0.4628,0.8566,2899.6
0.5,3200,1,0.84465,765,81,39,0.1882,0.7255,3247.59
0.5,3200,2,0.82882,766,81,41,0.1945,0.5718,3085.64
0.5,3200,6,0.859,770,81,38,0.3688,0.8156,3440.71
0.5,3200,10,0.86018,755,81,35,0.4225,0.7788,3050.95
0.5,3200,9,0.82927,778,81,38,0.3586,0.8201,2698.6
0.5,3200,4,0.81629,777,81,35,0.1364,0.5804,3381.31
0.5,3200,15,0.0,407,81,26,0.6634,0.8403,2634.31
0.5,3200,12,0.8329,785,81,36,0.1465,0.5732,2971.7
0.5,3200,13,0.84539,753,81,34,0.1262,0.6521,3030.2
0.5,3200,14,0.84664,790,81,37,0.2,0.6924,2915.59
0.5,3200,16,0.81823,794,81,41,0.2053,0.7884,3140.26
0.5,3200,21,0.86588,703,81,38,0.6771,0.9502,2715.28
0.5,3200,17,0.84152,770,81,36,0.6039,0.9104,3152.75
0.5,6400,0,0.90552,608,81,35,0.7401,0.9655,5051.28
0.5,3200,18,0.82548,756,81,37,0.5185,0.8571,2535.98
0.5,6400,1,0.91959,711,81,35,0.775,0.9972,4538.58
0.5,3200,20,0.83132,773,81,38,0.3364,0.806,2491.88
0.5,6400,2,0.92335,726,81,36,0.7438,0.9793,4649.26
0.5,3200,22,0.83356,763,81,35,0.3893,0.8624,3338.25
0.5,6400,3,0.66722,390,81,21,0.7154,0.9462,4317.81
0.5,6400,5,0.0,426,81,20,0.6315,0.9953,3589.15
0.5,3200,19,0.83436,768,81,35,0.1589,0.6758,3150.83
0.5,3200,23,0.83448,763,81,36,0.2228,0.6737,3182.73
0.5,3200,24,0.8324,781,81,39,0.1985,0.6453,2705.94
0.5,6400,4,0.83558,683,81,35,0.7613,0.9707,3639.8
0.5,6400,6,0.92642,526,81,33,0.77,0.9943,4560.76
0.5,6400,7,0.83689,390,81,20,0.8256,0.9538,4891.43
0.5,6400,9,0.52962,403,81,17,0.7593,0.995,4455.97
0.5,6400,8,0.84039,401,81,21,0.6933,0.9676,5423.84
0.5,6400,10,0.66104,399,81,23,0.5689,0.985,5448.6
0.5,6400,11,0.27072,401,81,21,0.5087,0.9925,4908.76
0.5,6400,14,0.81503,399,81,24,0.7318,0.9925,6374.98
0.5,6400,15,0.0,418,81,19,0.6531,0.9019,4671.75
0.5,6400,16,0.53107,415,81,20,0.7157,0.9759,5891.19
0.5,6400,17,0.45379,400,81,19,0.6675,0.9875,6309.81
0.5,6400,13,0.88855,619,81,37,0.7383,0.9612,4314.42
0.5,6400,12,0.90334,725,81,37,0.6593,0.971,5258.65
0.5,6400,18,0.82455,408,81,22,0.7696,0.9485,6897.68
0.5,6400,20,0.56038,411,81,21,0.6423,0.9878,5209.24
0.5,6400,21,0.23476,381,81,17,0.6063,1.0,6221.72
0.5,6400,19,0.92439,650,81,35,0.7538,0.9677,5607.68
0.5,6400,22,0.79058,407,81,21,0.8108,0.9459,4751.04
0.5,6400,23,0.90488,582,81,31,0.7938,1.0,5383.88
0.5,6400,24,0.88897,428,81,24,0.7079,0.9883,5725.56
0.8,3200,5,0.71698,469,81,30,0.7377,0.9168,2372.9
0.8,3200,1,0.83346,752,81,37,0.3298,0.7487,3164.66
0.8,3200,0,0.85641,759,81,36,0.3939,0.7721,3047.89
0.8,3200,2,0.82138,775,81,35,0.3161,0.8052,3655.87
0.8,3200,3,0.8335,758,81,36,0.4565,0.7718,3437.98
0.8,3200,9,0.83059,762,81,36,0.479,0.8215,2628.54
0.8,3200,11,0.83077,762,81,36,0.5971,0.9068,2924.95
0.8,3200,8,0.8365,752,81,34,0.3896,0.8511,3182.21
0.8,3200,10,0.85488,746,81,38,0.4477,0.819,2342.83
0.8,3200,6,0.83589,760,81,39,0.3789,0.7882,3582.05
0.8,3200,7,0.82849,753,81,35,0.255,0.6189,3057.44
0.8,3200,4,0.83149,760,81,37,0.3053,0.6671,2778.22
0.8,3200,15,0.0,424,81,19,0.6108,0.7453,3140.07
0.8,3200,12,0.86436,748,81,34,0.2179,0.631,3732.0
0.8,3200,13,0.84417,749,81,35,0.2417,0.4873,3520.39
0.8,3200,14,0.83906,747,81,34,0.2651,0.6894,3073.68
0.8,3200,16,0.84061,759,81,36,0.5718,0.8682,2026.0
0.8,3200,18,0.87551,750,81,37,0.4787,0.916,2631.38
0.8,3200,21,0.83065,655,81,36,0.8046,0.9069,1809.59
0.8,6400,1,0.91446,638,81,37,0.7508,1.0,4879.85
0.8,6400,0,0.92137,738,81,38,0.6883,0.9702,3637.64
0.8,3200,17,0.82966,735,81,36,0.4068,0.7905,2778.95
0.8,3200,19,0.83028,754,81,37,0.3249,0.7971,3034.24
0.8,6400,3,0.92578,506,81,30,0.6917,1.0,3391.08
0.8,3200,20,0.84328,763,81,35,0.3997,0.8178,3177.3
0.8,3200,22,0.84155,746,81,35,0.3686,0.7895,3230.87
0.8,6400,2,0.9111,742,81,36,0.5121,0.9232,2838.85
0.8,6400,4,0.79358,612,81,33,0.7484,0.969,4645.01
0.8,3200,23,0.84838,764,81,38,0.3128,0.6754,2965.44
0.8,3200,24,0.88705,768,81,36,0.4219,0.7279,3575.89
0.8,6400,5,0.05008,423,81,17,0.6383,0.9433,5238.65
0.8,6400,6,0.9284,520,81,32,0.7885,0.9596,4383.19
0.8,6400,7,0.9045,470,81,30,0.8383,0.9553,2565.8
0.8,6400,9,0.5152,395,81,21,0.8177,0.9873,6295.61
0.8,6400,10,0.78017,389,81,20,0.7712,0.946,4285.83
0.8,6400,8,0.92604,487,81,32,0.7372,0.9754,4870.59
0.8,6400,11,0.64129,379,81,24,0.6201,0.9393,5448.53
0.8,6400,12,0.87954,700,81,35,0.7943,0.9371,4015.89
0.8,6400,15,0.0,419,81,16,0.6683,0.9928,6891.1
0.8,6400,14,0.9024,560,81,32,0.7196,0.9786,4637.0
0.8,6400,16,0.24578,405,81,18,0.6074,0.9284,3392.53
0.8,6400,17,0.78572,431,81,25,0.7819,0.9466,5066.79
0.8,6400,18,0.91778,460,81,24,0.7196,0.9543,3627.12
0.8,6400,13,0.89994,754,81,36,0.5769,0.9416,4161.53
0.8,6400,20,0.89158,668,81,38,0.6856,0.997,3337.3
0.8,6400,19,0.90581,767,81,35,0.7001,0.9583,4338.14
0.8,6400,21,0.17802,409,81,21,0.7311,1.0,5838.78
0.8,6400,22,0.91399,519,81,31,0.6879,1.0,4210.68
0.8,6400,24,0.93609,732,81,36,0.6967,0.9522,3575.33
0.8,6400,23,0.91844,751,81,37,0.4727,0.8455,2936.8
1.0,3200,5,0.67378,534,81,29,0.633,0.9288,2518.87
1.0,3200,3,0.80259,657,81,35,0.7717,0.9285,1120.45
1.0,3200,1,0.83612,738,81,36,0.4499,0.7154,2949.0
1.0,3200,2,0.82167,740,81,32,0.3932,0.6986,2945.45
1.0,3200,0,0.82196,750,81,38,0.364,0.656,3240.16
1.0,3200,8,0.82298,752,81,37,0.4535,0.7926,2517.89
1.0,3200,4,0.83987,729,81,37,0.5089,0.8162,3000.26
1.0,3200,11,0.85377,740,81,34,0.6189,0.8635,2380.92
1.0,3200,7,0.81408,746,81,35,0.4558,0.7145,3452.53
1.0,3200,10,0.81689,753,81,33,0.4157,0.7849,3400.93
1.0,3200,6,0.80615,746,81,35,0.3981,0.7399,3648.5
1.0,3200,9,0.82242,731,81,35,0.3803,0.7332,3367.51
1.0,3200,13,0.87218,719,81,35,0.4061,0.7302,3196.21
1.0,3200,12,0.81044,749,81,35,0.3151,0.5527,2862.59
1.0,3200,15,0.0,418,81,20,0.6029,0.9809,2454.01
1.0,3200,14,0.85777,743,81,37,0.4105,0.7793,2722.14
1.0,3200,17,0.88402,740,81,33,0.4838,0.8459,2854.24
1.0,3200,16,0.85324,747,81,37,0.3092,0.751,3563.14
1.0,3200,18,0.82612,752,81,44,0.4628,0.754,2825.42
1.0,3200,19,0.85769,740,81,34,0.3986,0.8568,3343.2
1.0,3200,21,0.84575,744,81,35,0.4677,0.7863,3086.2
1.0,6400,3,0.04962,423,81,19,0.7045,0.9078,4614.86
1.0,3200,20,0.82079,747,81,36,0.4511,0.6627,2181.68
1.0,6400,0,0.90554,752,81,35,0.6237,0.9495,3524.47
1.0,6400,5,0.12243,363,81,21,0.741,1.0,3682.74
1.0,6400,2,0.92013,730,81,34,0.5644,0.9151,4410.03
1.0,3200,23,0.84494,743,81,34,0.5195,0.8183,3841.9
1.0,6400,1,0.92629,745,81,34,0.5906,0.9074,4415.0
1.0,3200,22,0.83931,746,81,33,0.3807,0.7681,2976.09
1.0,3200,24,0.84636,731,81,34,0.4774,0.7866,2442.48
1.0,6400,4,0.80277,693,81,35,0.7619,0.938,4813.86
1.0,6400,6,0.93631,732,81,33,0.6749,0.9413,2270.34
1.0,6400,8,0.92016,671,81,36,0.772,0.9061,2417.55
1.0,6400,7,0.94912,732,81,35,0.6926,0.9413,3296.92
1.0,6400,9,0.91076,684,81,37,0.8114,0.9167,3111.61
1.0,6400,11,0.35417,416,81,21,0.7404,0.9736,4972.09
1.0,6400,15,0.0,425,81,22,0.6259,1.0,5389.92
1.0,6400,10,0.91474,741,81,35,0.6545,0.942,2775.88
1.0,6400,18,0.79239,419,81,24,0.7589,0.9308,3746.3
1.0,6400,16,0.88968,718,81,35,0.6894,0.9568,4123.68
1.0,6400,14,0.92376,729,81,36,0.6406,0.9945,3245.4
1.0,6400,19,0.88929,720,81,35,0.7444,0.9625,2229.6
1.0,6400,21,0.6534,425,81,24,0.7271,0.9741,3844.96
1.0,6400,20,0.90157,714,81,36,0.7409,0.944,4503.11
1.0,6400,12,0.88494,736,81,37,0.5163,0.8913,4067.79
1.0,6400,17,0.91402,748,81,35,0.5628,0.8957,3384.4
1.0,6400,13,0.93769,740,81,34,0.5716,0.8919,3967.18
1.0,6400,22,0.93072,738,81,34,0.7317,0.935,3102.23
1.0,6400,24,0.83744,600,81,35,0.7883,0.9283,2102.3
1.0,6400,23,0.87478,685,81,35,0.7737,0.9635,4223.85
