seed,phase_C_tick,cv_early,cv_late,delta
1,4650,0.24564999999999992,0.2717199999999999,0.026069999999999982
2,4150,0.15932999999999997,0.30992499999999995,0.15059499999999998
3,5350,0.20416499999999999,0.166035,-0.03813
4,4300,0.1688,0.2847100000000001,0.11591000000000007
5,5400,0.1789,0.15154,-0.027359999999999995
6,3800,0.17499999999999996,0.34541499999999997,0.170415
7,5250,0.19016000000000002,0.16451500000000002,-0.025645
9,3750,0.08970000000000003,0.32966500000000004,0.239965
10,4300,0.14420000000000002,0.273535,0.12933499999999995
11,5350,0.18230000000000002,0.162755,-0.019545000000000007
13,5300,0.20939999999999998,0.188335,-0.021064999999999973
16,3900,0.12720000000000004,0.3181999999999999,0.1909999999999999
17,4500,0.17289999999999997,0.22780000000000006,0.05490000000000009
18,4700,0.23339999999999997,0.23779500000000003,0.0043950000000000655
19,5400,0.2218,0.18563500000000005,-0.03616499999999995
20,4400,0.14040000000000002,0.28198,0.14157999999999998
22,4600,0.22919999999999993,0.24719999999999995,0.018000000000000016
23,4000,0.12190000000000001,0.28991999999999996,0.16801999999999995
24,5000,0.24857500000000005,0.24894,0.0003649999999999487
25,5050,0.2591,0.21669,-0.04241
26,4150,0.12910000000000005,0.37969,0.25059
27,3450,0.19333499999999998,0.38825,0.194915
28,5400,0.1753,0.13937499999999997,-0.03592500000000004
29,3900,0.139315,0.345145,0.20582999999999999
30,5200,0.25567,0.24990500000000004,-0.005764999999999965
31,4400,0.17019999999999996,0.25683000000000006,0.0866300000000001
32,5400,0.24579999999999996,0.210085,-0.03571499999999997
33,5350,0.2428,0.200305,-0.04249499999999998
34,5000,0.2405,0.22562,-0.014880000000000004
35,3750,0.07877,0.2708500000000001,0.19208000000000008
36,3800,0.12420000000000002,0.33104999999999996,0.20684999999999992
37,4300,0.14950000000000002,0.25758000000000003,0.10808000000000001
38,4800,0.1896,0.21542499999999998,0.025824999999999987
39,4750,0.23010000000000003,0.24545000000000003,0.015350000000000003
40,4350,0.1715,0.258415,0.08691499999999999
42,5350,0.23440000000000003,0.19459500000000002,-0.03980500000000001
44,4900,0.22634000000000004,0.20730999999999997,-0.019030000000000075
45,5300,0.2223,0.19136999999999998,-0.030930000000000013
46,3800,0.12679999999999997,0.326005,0.19920500000000002
47,5400,0.20049999999999998,0.156475,-0.04402499999999998
48,4850,0.26813999999999993,0.2491750000000001,-0.018964999999999843
49,4950,0.24629999999999996,0.24595000000000006,-0.00034999999999990594
50,5250,0.19151999999999997,0.16551,-0.026009999999999978
51,4800,0.2446499999999999,0.254155,0.009505000000000124
54,4000,0.09990000000000002,0.298305,0.19840499999999997
57,3750,0.128825,0.36654500000000007,0.23772000000000007
58,5150,0.23869999999999997,0.21776,-0.02093999999999996
59,4100,0.1315,0.29730500000000004,0.16580500000000004
60,5450,0.23899999999999996,0.20889000000000002,-0.030109999999999942
61,5250,0.21236000000000002,0.17400500000000002,-0.038355
63,5450,0.22139999999999999,0.16552,-0.055879999999999985
64,4450,0.1688,0.26121,0.09240999999999999
67,3900,0.1032,0.34895499999999996,0.24575499999999995
68,4800,0.23165999999999998,0.23835499999999996,0.006694999999999979
70,5050,0.2105,0.21719,0.0066900000000000015
71,4200,0.1768,0.29559499999999994,0.11879499999999993
72,5400,0.25129999999999997,0.2307999999999999,-0.020500000000000074
73,5400,0.25659999999999994,0.21071499999999999,-0.045884999999999954
74,5100,0.2394999999999999,0.20613500000000004,-0.03336499999999987
75,4450,0.1555,0.25877,0.10327
77,4450,0.18719999999999998,0.29162999999999994,0.10442999999999997
78,4100,0.11853999999999998,0.28880000000000006,0.17026000000000008
79,5250,0.26470000000000005,0.21828999999999996,-0.04641000000000009
80,4600,0.21088000000000004,0.257845,0.04696499999999995
81,3900,0.12449999999999997,0.34703999999999996,0.22254
82,5300,0.2592999999999999,0.22563,-0.03366999999999992
83,4400,0.13269999999999998,0.25625000000000003,0.12355000000000005
85,5500,0.1976,0.15205,-0.04555000000000001
86,5300,0.20529999999999998,0.15491000000000002,-0.05038999999999996
87,4300,0.16089999999999996,0.28578500000000007,0.12488500000000011
88,4450,0.15050000000000002,0.26141,0.11090999999999995
89,5300,0.2684399999999999,0.23315999999999995,-0.03527999999999995
90,5300,0.28720000000000007,0.25233,-0.03487000000000007
91,4950,0.2493,0.23037000000000002,-0.018929999999999975
92,4500,0.19629999999999997,0.26647,0.07017000000000001
94,5200,0.22075000000000006,0.18272999999999998,-0.03802000000000008
95,3850,0.14909999999999995,0.33760500000000004,0.1885050000000001
96,3750,0.125,0.34296999999999994,0.21796999999999994
97,5250,0.25849999999999995,0.233,-0.02549999999999994
98,4300,0.14570000000000002,0.28204999999999997,0.13634999999999994
99,5100,0.24816000000000007,0.24600000000000005,-0.002160000000000023
100,4300,0.15079999999999996,0.2515250000000001,0.10072500000000015
101,5300,0.17859999999999998,0.167095,-0.011504999999999987
104,4800,0.2544,0.269345,0.014944999999999986
105,4050,0.16946,0.31476499999999996,0.14530499999999996
106,5350,0.27008999999999994,0.24542999999999995,-0.024659999999999987
107,4850,0.2659000000000001,0.25033999999999995,-0.01556000000000013
108,5100,0.18429999999999996,0.16406500000000002,-0.020234999999999947
109,4650,0.23969000000000004,0.25483500000000003,0.015144999999999992
110,3850,0.12630000000000002,0.32511,0.19881
113,4350,0.14029999999999998,0.23835499999999993,0.09805499999999995
115,5250,0.23219999999999996,0.195085,-0.037114999999999954
117,4700,0.18607999999999994,0.254675,0.06859500000000004
118,4250,0.17180000000000004,0.29661499999999996,0.12481499999999993
119,5050,0.2394999999999999,0.235435,-0.004064999999999902
120,4250,0.16199999999999998,0.3106799999999999,0.14867999999999992
122,5250,0.23068000000000005,0.20083,-0.029850000000000043
123,5000,0.21390000000000003,0.23692000000000002,0.023019999999999985
124,4750,0.22508,0.24639000000000003,0.021310000000000023
125,5150,0.2569,0.23064,-0.026260000000000006
126,5250,0.22422499999999998,0.169105,-0.055119999999999975
127,4500,0.1549,0.26772000000000007,0.11282000000000006
128,4600,0.13309999999999994,0.21827000000000002,0.08517000000000008
130,4850,0.25619999999999993,0.256125,-7.499999999993623e-05
132,5500,0.21710499999999996,0.15663,-0.06047499999999997
133,4850,0.23400000000000004,0.255815,0.021814999999999973
134,4450,0.19160000000000005,0.2659,0.07429999999999998
136,3900,0.1528,0.320145,0.16734500000000002
137,4800,0.23399999999999999,0.23095,-0.003049999999999997
138,5200,0.23555999999999994,0.22526000000000002,-0.01029999999999992
139,4700,0.24829000000000004,0.26833999999999997,0.02004999999999993
140,3750,0.19450000000000003,0.35936500000000005,0.164865
142,4700,0.23503500000000002,0.24342000000000003,0.008385000000000004
143,5450,0.21852,0.177765,-0.040754999999999986
144,3800,0.08970000000000003,0.28170000000000006,0.19200000000000003
146,4750,0.23313,0.24573000000000006,0.012600000000000056
147,5350,0.18509999999999996,0.15045,-0.03464999999999996
148,4400,0.1551,0.32297500000000007,0.16787500000000008
149,4150,0.135895,0.29169999999999996,0.15580499999999997
151,5100,0.25243000000000004,0.235405,-0.01702500000000004
153,5250,0.2679,0.24643,-0.021470000000000017
154,4700,0.21830000000000002,0.25500999999999996,0.03670999999999994
155,4200,0.09959999999999998,0.26515000000000005,0.16555000000000009
156,5450,0.21070000000000003,0.16867,-0.04203000000000004
157,4300,0.1618,0.30494,0.14314
158,4350,0.15660000000000002,0.289195,0.13259499999999996
159,4150,0.11560000000000001,0.29512499999999997,0.17952499999999996
160,4450,0.16739999999999994,0.27661500000000006,0.10921500000000012
161,4700,0.2071,0.23693000000000003,0.029830000000000023
163,4850,0.24854999999999997,0.24272000000000005,-0.005829999999999919
164,3700,0.15610500000000002,0.36597,0.209865
165,4300,0.14440000000000003,0.29352,0.14911999999999997
166,3650,0.138435,0.35678,0.21834499999999998
168,5350,0.2041,0.17113499999999998,-0.03296500000000002
169,5150,0.25025499999999995,0.23182,-0.01843499999999995
170,5400,0.23354000000000003,0.18381,-0.049730000000000024
171,5400,0.2012,0.158365,-0.042834999999999984
172,4950,0.23120000000000002,0.22633499999999995,-0.004865000000000064
173,5300,0.20866,0.19188999999999998,-0.016770000000000035
174,4800,0.20780000000000004,0.23735,0.029549999999999965
175,4350,0.13399999999999998,0.25467000000000006,0.12067000000000008
177,4600,0.19512000000000002,0.26514000000000004,0.07002000000000003
179,5200,0.25129999999999997,0.22586500000000004,-0.02543499999999993
180,4250,0.1431,0.28446,0.14135999999999999
181,3700,0.17481999999999998,0.34607999999999994,0.17125999999999997
182,4400,0.1654,0.29413,0.12873
183,4500,0.19163000000000005,0.28107,0.08943999999999994
184,4650,0.20739999999999997,0.23853999999999997,0.03114
186,3800,0.17051999999999998,0.2767,0.10618000000000002
188,3850,0.17704,0.3531000000000001,0.17606000000000008
189,4300,0.1511,0.2867449999999999,0.1356449999999999
190,4750,0.23119499999999996,0.259315,0.02812000000000006
192,5100,0.20647500000000002,0.19646999999999998,-0.010005000000000042
193,4400,0.16299999999999998,0.24397999999999995,0.08097999999999997
196,3950,0.1143,0.282645,0.16834499999999997
197,5500,0.19902000000000003,0.171095,-0.027925000000000033
199,4350,0.16150000000000003,0.271455,0.10995499999999997
